{
  "results": [
    {
      "command": "pytest_cold",
      "mean": 0.47475985156000006,
      "stddev": 0.00856839965504671,
      "median": 0.47475985156000006,
      "user": 0.42485449999999997,
      "system": 0.04982684,
      "min": 0.46870107806000005,
      "max": 0.48081862506000006,
      "times": [
        0.48081862506000006,
        0.46870107806000005
      ],
      "memory_usage_byte": [
        38719488,
        38719488
      ],
      "exit_codes": [
        0,
        0
      ]
    }
  ]
}
