{
  "results": [
    {
      "command": "pytest_testmon_warm",
      "mean": 0.44244006412000003,
      "stddev": 0.009686255573036389,
      "median": 0.44244006412000003,
      "user": 0.38048148,
      "system": 0.06190194,
      "min": 0.43559084712,
      "max": 0.44928928112000005,
      "times": [
        0.43559084712,
        0.44928928112000005
      ],
      "memory_usage_byte": [
        41328640,
        41328640
      ],
      "exit_codes": [
        0,
        0
      ]
    }
  ]
}
