{
  "results": [
    {
      "command": "pytest_xdist",
      "mean": 1.84714663424,
      "stddev": 0.022997719626888815,
      "median": 1.84714663424,
      "user": 5.1444609,
      "system": 0.63039892,
      "min": 1.83088479074,
      "max": 1.8634084777400002,
      "times": [
        1.8634084777400002,
        1.83088479074
      ],
      "memory_usage_byte": [
        41721856,
        41721856
      ],
      "exit_codes": [
        0,
        0
      ]
    }
  ]
}
