{
  "results": [
    {
      "command": "pytest_testmon_cold",
      "mean": 0.56156309306,
      "stddev": 0.04505983515889126,
      "median": 0.56156309306,
      "user": 0.47099156,
      "system": 0.08271767999999999,
      "min": 0.5297009780599999,
      "max": 0.59342520806,
      "times": [
        0.59342520806,
        0.5297009780599999
      ],
      "memory_usage_byte": [
        41582592,
        41664512
      ],
      "exit_codes": [
        0,
        0
      ]
    }
  ]
}
