{
  "results": [
    {
      "command": "riptide_cold_full",
      "mean": 2.13043550284,
      "stddev": 0.06315478466358891,
      "median": 2.13043550284,
      "user": 9.64347464,
      "system": 1.14239356,
      "min": 2.0857783263400003,
      "max": 2.17509267934,
      "times": [
        2.0857783263400003,
        2.17509267934
      ],
      "memory_usage_byte": [
        38973440,
        38973440
      ],
      "exit_codes": [
        0,
        0
      ]
    }
  ]
}
