{
  "results": [
    {
      "command": "riptide_warm_one_module",
      "mean": 0.0380498972,
      "stddev": 0.0013882019323203652,
      "median": 0.0380498972,
      "user": 0.035077,
      "system": 0.00220224,
      "min": 0.0370682902,
      "max": 0.0390315042,
      "times": [
        0.0390315042,
        0.0370682902
      ],
      "memory_usage_byte": [
        41558016,
        41558016
      ],
      "exit_codes": [
        0,
        0
      ]
    }
  ]
}
