{
  "results": [
    {
      "command": "riptide_warm_noop",
      "mean": 0.034945201,
      "stddev": 0.0011952402699091555,
      "median": 0.034945201,
      "user": 0.031031279999999994,
      "system": 0.003877979999999999,
      "min": 0.0341000385,
      "max": 0.035790363500000005,
      "times": [
        0.035790363500000005,
        0.0341000385
      ],
      "memory_usage_byte": [
        41553920,
        41553920
      ],
      "exit_codes": [
        0,
        0
      ]
    }
  ]
}
