{
  "results": [
    {
      "command": "unittest",
      "mean": 0.06286248526000002,
      "stddev": 0.00332044970076532,
      "median": 0.06286248526000002,
      "user": 0.05109728,
      "system": 0.0118097,
      "min": 0.06051457276000001,
      "max": 0.06521039776000001,
      "times": [
        0.06521039776000001,
        0.06051457276000001
      ],
      "memory_usage_byte": [
        14811136,
        14811136
      ],
      "exit_codes": [
        0,
        0
      ]
    }
  ]
}
